,Tahun,Pendapatan,PV Factor,Pendapatan Disesuaikan,Pendapatan Kumulatif
0,1,10000000.0,0.9523809523809523,9523809.5238,9523809.5238
1,2,10500000.0,0.9070294784580498,9523809.5238,19047619.0476
2,3,11000000.0,0.863837598531476,9502213.5838,28549832.6314
3,4,11500000.0,0.8227024747918819,9461078.4601,38010911.0915
4,5,12000000.0,0.7835261664684589,9402313.9976,47413225.0891
