,TAHUN,BASIS DEPRESIASI,SISA MASA MANFAAT,FAKTOR DEPRESIASI,BEBAN DEPRESIASI,AKUMULASI DEPRESIASI,NILAI BUKU
0,0,0.0,0,0.0,0.0,0.0,100000000.0
1,1,90000000.0,5,0.3333333333333333,30000000.0,30000000.0,70000000.0
2,2,90000000.0,4,0.26666666666666666,24000000.0,54000000.0,46000000.0
3,3,90000000.0,3,0.2,18000000.0,72000000.0,28000000.0
4,4,90000000.0,2,0.13333333333333333,12000000.0,84000000.0,16000000.0
5,5,90000000.0,1,0.06666666666666667,6000000.0,90000000.0,10000000.0
